id	first_name	last_name	email	gender	ip_address
1	Gradeigh	Ainsby	gainsby0@baidu.com	Male	123.148.56.246
2	Marne	Breslane	mbreslane1@utexas.edu	Female	191.184.253.96
3	Marcel	McTiernan	mmctiernan2@prlog.org	Male	226.171.68.39
4	Geraldine	Butterwick	gbutterwick3@ihg.com	Female	146.229.209.205
5	Eleonora	McCarrick	emccarrick4@myspace.com	Female	196.185.131.29
6	Bren	Conichie	bconichie5@timesonline.co.uk	Male	150.180.255.134
7	Darbie	Giron	dgiron6@skyrock.com	Female	196.154.107.247
8	Wyatt	Mattinson	wmattinson7@weebly.com	Male	179.231.79.71
9	Staffard	Rubinov	srubinov8@npr.org	Male	13.214.203.163
10	Karim	Crouch	kcrouch9@scribd.com	Genderqueer	93.114.44.45
11	Llywellyn	Khomich	lkhomicha@wix.com	Male	242.100.69.64
12	Rinaldo	Dodridge	rdodridgeb@archive.org	Male	249.180.219.224
13	Oswald	Follos	ofollosc@biblegateway.com	Male	164.21.228.148
14	Lynne	Shew	lshewd@meetup.com	Female	79.135.138.4
15	Laural	Cornock	lcornocke@scribd.com	Female	196.169.218.0
